Amino	Hydrophobic	Hydrophilic	Mixed
A	0.10581187271454136	0.045032508816966965	0.07489978348946387
V	0.10892398661791021	0.03893860511983878	0.06889751120066882
I	0.09281879716797635	0.022432283294546676	0.05281285057914782
L	0.19886407842527037	0.05494110026151004	0.10899483375849428
M	0.04520345444643274	0.01341138648304983	0.025288144797673405
F	0.09523068544308722	0.02032100957270699	0.04249823147334348
Y	0.049716019606317594	0.014395048103452412	0.03101888572102296
W	0.03151015327160974	0.0077493342290252155	0.015337949366545907
R	0.016494203687854977	0.06741680861783546	0.05349525177388583
H	0.010503384423869914	0.02420767256063914	0.024612889165183963
K	0.017038823620944527	0.05712434922386699	0.05087283042866228
D	0.012681864156228118	0.0495189654758763	0.04595311082052491
E	0.01322648408931767	0.09680669849571748	0.06359907679335748
S	0.0501050338442387	0.12485305055061059	0.06990860825884085
T	0.03742316968801058	0.07214318274513568	0.05326659378193173
N	0.014938146736170544	0.0286461457258703	0.03504183726696535
Q	0.015871780907181204	0.05112641251409515	0.042608987688196244
C	0.011981638527970124	0.01993714162328159	0.018710654747868836
G	0.040379677896211004	0.08596242892444998	0.06985501654197661
P	0.031276744728857074	0.10503586766152444	0.05232695234624536
